Image_link,Name,Rating,Price,Discount
,SAMSUNG EVO Plus 64 GB MicroSDXC Class 10 160 MB/s Mem...,4.4,₹549,60% off
,SanDisk Extreme A2 128 GB MicroSD Card Class 10 190 MB/...,4.4,"₹1,199",40% off
,SAMSUNG EVO Plus 128 GB MicroSDXC Class 10 160 MB/s Me...,4.4,₹999,28% off
,SanDisk Ultra 64 GB MicroSDXC Class 10 140 MB/s Memory...,4.1,₹549,39% off
,HP UHS-I U1 128 GB MicroSDHC Class 10 100 MB/s Memory ...,4.2,₹849,85% off
,SAMSUNG EVO Select 256 GB MicroSDXC Class 10 130 MB/s ...,4.2,"₹1,749",61% off
,SAMSUNG EVO Plus 256 GB MicroSDXC Class 10 160 MB/s Me...,4.4,"₹1,849",31% off
,CP PLUS 128 GB MicroSD Card Class 10 70 MB/s Memory Ca...,4.2,₹999,52% off
,SanDisk Ultra 128 GB MicroSDXC Class 10 140 MB/s Memor...,4.1,₹999,37% off
,SanDisk Ultra 256 GB MicroSDXC Class 10 140 MB/s Memor...,4.1,"₹1,799",37% off
,BRYT A1 V30 UHS-II U3 High Capacity SD Card 64 GB SDXC ...,4.4,₹950,17% off
,BRYT UHS-1 High Capacity Micro SD Card 64 GB MicroSDHC ...,3.8,₹650,34% off
,SanDisk Extreme 256 GB MicroSD Card Class 10 190 MB/s ...,4.4,"₹2,099",43% off
,SAMSUNG EVO Plus 512 GB MicroSDXC Class 10 160 MB/s Me...,4.4,"₹3,999",65% off
,SanDisk Ultra 512 GB MicroSDXC Class 10 140 MB/s Memor...,4.1,"₹3,699",36% off
,SAMSUNG Evo Plus 64 GB MicroSDXC Class 10 130 MB/s Mem...,4.4,₹690,54% off
,HI-FOCUS Ultra 128 GB MicroSDHC Class 10 100 MB/s Memo...,4.2,₹811,62% off
,BRYT UHS-1 High Capacity Micro SD Card 128 GB MicroSDHC...,3.8,"₹1,050",14% off
,WESTERN DIGITAL QD101 32 GB MicroSD Card Class 10 100 M...,4.4,₹409,18% off
,BRYT High Capacity Micro SD Card 64 GB MicroSDXC Class ...,3.9,₹820,17% off
,BRYT A1 V30 UHS-I U3 High Capacity SD Card 32 GB SDXC C...,4.3,₹719,24% off
,SanDisk Extreme 128 GB SDHC Class 10 180 MB/s Memory C...,4.4,"₹1,549",40% off
,SanDisk Extreme 64 GB SDHC Class 10 170 MB/s Memory Ca...,4.3,₹869,37% off
,SanDisk Ultra 64 GB SDHC UHS-I Card Class 10 140 Mbps ...,4.3,₹689,37% off
,Realspeed 4K HD 256 GB MMC Micro Card Class 10 130 MB/s...,3.7,₹714,60% off
,HP MI310 64 GB MicroSD Card Class 10 100 MB/s Memory C...,4.2,₹499,70% off
,SanDisk Ultra 32 GB MicroSDXC Class 10 120 MB/s Memory...,4.4,₹409,41% off
,HP U1 32 GB MicroSDHC Class 10 100 MB/s Memory Card,4.2,₹399,75% off
,MOREBYTE Mb Black 16 GB SD Card Class 10 50 MB/s Memor...,4,₹329,58% off
,SanDisk Extreme A2 64 GB MicroSD Card Class 10 170 MB/s...,4.3,₹699,36% off
,HP MX330 64 GB MicroSD Card Class 10 100 MB/s Memory C...,4.2,₹758,43% off
,SanDisk Extreme Pro 64 GB SDHC Class 10 200 MB/s Memor...,4.4,"₹1,209",42% off
,WESTERN DIGITAL QD101 64 GB MicroSD Card Class 10 100 M...,4.4,₹569,33% off
,SAMSUNG Evo Plus 128 GB MicroSDXC Class 10 130 MB/s Me...,4.4,₹992,29% off
,SAMSUNG Evo Plus 512 GB MicroSDXC Class 10 130 MB/s Me...,4.4,"₹3,999",82% off
,SanDisk Extreme 32 GB SDHC Class 10 170 MB/s Memory Ca...,4.3,₹709,35% off
,SanDisk Ultra 32 GB SDHC UHS-I Card Class 10 120 Mbps ...,4.2,₹519,35% off
,Realspeed microPlus U1 4K 128 GB MMC Micro Card Class 1...,3.8,₹584,65% off
,MOREBYTE Mb Black 32 GB SD Card Class 10 50 MB/s Memor...,4,₹383,52% off
,Simmtronics SDHC 32 GB MicroSD Card Class 10 90 MB/s M...,4.1,₹519,48% off
,SanDisk Extreme 1 TB MicroSD Card Class 10 190 MB/s Me...,4.4,"₹9,499",42% off
,SanDisk Extreme Pro 512 GB MicroSDHC Class 10 200 MB/s ...,4.5,"₹5,499",46% off
,SONY 64Gb Read speed 270mb/ps write Speed 4mb/ps 64 GB ...,3.8,"₹1,800",34% off
,MOREBYTE Ultra 64 GB SDHC UHS-I Card UHS Class 1 100 MB...,3.8,₹528,64% off
,SAMSUNG EVO Plus 128 GB SDHC Class 10 130 MB/s Memory ...,4.2,"₹1,319",48% off
,Strontium Nitro A1 64 GB SDXC UHS Class 1 100 Mbps Mem...,4.2,₹632,72% off
,SanDisk Extreme 256 GB SDHC Class 10 180 MB/s Memory C...,4.4,"₹2,979",42% off
,Realspeed A1 128 GB Memory Stick Class 10 130 MB/s Mem...,3.9,₹532,46% off
,SAMSUNG 2 128 GB MicroSDHC Class 10 130 MB/s Memory Ca...,3.3,₹995,28% off
,SAMSUNG EVO Plus 64 GB SDHC Class 10 130 MB/s Memory C...,4.2,"₹1,249",16% off
,WESTERN DIGITAL QD101 128 GB MicroSD Card Class 10 100 ...,4.4,"₹1,069",34% off
,SanDisk Extreme Pro 128 GB SDHC Class 10 100 MB/s Memo...,4.5,"₹2,189",42% off
,HP MX330 64 GB MicroSD Card Class 10 100 MB/s Memory C...,4.2,₹849,37% off
,WESTERN DIGITAL QD101 256 GB MicroSD Card Class 10 100 ...,4.4,"₹2,049",53% off
,HP MicroSD Card U3 (MSDCWAU3-64GB) 64 GB MicroSDXC Clas...,4.4,₹799,46% off
,SanDisk High Endurance 128 GB MicroSD Card Class 10 100...,4.5,"₹1,269",42% off
,MOREBYTE mb Black 128 GB SD Card Class 10 140 MB/s Mem...,3.8,₹599,72% off
,SanDisk Extreme Pro 64 GB Type B UHS Class 3 1500 MB/s ...,4.1,"₹6,199",73% off
,SanDisk Extreme Pro 32 GB SDHC Class 10 100 MB/s Memor...,4.5,"₹1,029",42% off
,HI-FOCUS Ultra 128 GB MicroSDHC Class 10 100 MB/s Memo...,4.2,₹811,62% off
,SanDisk Extreme Pro 1 TB MicroSDHC Class 10 200 MB/s M...,4.5,"₹12,499",46% off
,Realspeed A1PLUSZ 128 GB Memory Stick Class 10 130 MB/s...,3.8,₹539,46% off
,SanDisk Ultra 128 GB SDHC UHS-I Card Class 10 120 Mbps ...,4.2,"₹1,289",35% off
,KINGSTON UHS-I 128 GB MicroSD Card Class 10 100 MB/s M...,4.4,"₹1,199",20% off
,Tech Aura Ps2 64 mb memory card for playstation 2 64 MB...,4.4,₹695,30% off
,SanDisk Extreme Pro SDXC 256 GB SDHC Class 10 100 MB/s ...,4.3,"₹3,799",49% off
,MOREBYTE Ultra 32 GB SDHC UHS-I Card UHS Class 1 100 MB...,3.8,₹495,54% off
,Simmtronics PRO SERIES 8 GB SD Card Class 10 100 MB/s ...,4.2,₹515,35% off
,SanDisk Ultra 128 GB SDXC Class 10 120 MB/s Memory Car...,4.3,"₹1,925",35% off
,Realspeed HDULTRA 128 GB Memory Stick Class 10 130 MB/s...,3.6,₹569,45% off
,SanDisk Extreme 256 GB SDXC Class 10 100 MB/s Memory C...,4.5,"₹6,005",3% off
,SONY 4 GB Memory Card,4.2,"₹2,385",20% off
,BRYT A1 V30 UHS-I U3 High Capacity SD Card 32 GB SDXC C...,4.3,₹719,24% off
,SanDisk Nintendo 64 GB MicroSDHC Class 10 100 MB/s Mem...,4.6,₹839,58% off
,SAMSUNG Ultra SDHC Camera 128 SD Card Class 10 48 MB/s ...,4,"₹3,429",2% off
,SAMSUNG Pro Plus 256 GB MicroSDXC UHS Class 3 180 MB/s ...,4.5,"₹2,499",56% off
,SanDisk Extreme Pro 512 GB SDHC Class 10 100 MB/s Memo...,4.5,"₹7,199",67% off
,SONY M 64 GB SDXC UHS-I Card Class 10 150 MB/s Memory ...,4.8,"₹4,589",8% off
,SanDisk Max Endurance 64 GB MicroSDHC Class 10 100 MB/s...,5,"₹1,349",43% off
,SanDisk Nintendo 128 GB MicroSDHC Class 10 100 MB/s Me...,4.6,"₹1,519",56% off
,KINGSTON UHS-I 64 GB MicroSD Card Class 10 100 MB/s Me...,4.4,₹712,16% off
,SAMSUNG Pro Plus 128 GB MicroSDXC UHS Class 3 180 MB/s ...,4.5,"₹1,299",56% off
,Simmtronics Camera Micro SD Card 16 GB MicroSDXC Class ...,3.4,₹599,50% off
,Simmtronics Camera MicroSD Card 64 GB MicroSDXC Class 1...,3.8,₹945,52% off
,SanDisk Nintendo 256 GB MicroSDHC Class 10 100 MB/s Me...,4.6,"₹2,749",60% off
,BRYT A1 V30 UHS-II U3 High Capacity SD Card 64 GB SDXC ...,4.4,₹950,17% off
,SanDisk Extreme Pro 128 GB Type B UHS Class 3 1500 MB/s...,4.1,"₹8,899",52% off
,Lexar Professional 1800x 512 GB SDXC Class 10 270 MB/s ...,4.5,"₹21,267",11% off
,SanDisk Max Endurance 256 GB MicroSDHC Class 10 100 MB/...,5,"₹4,089",45% off
,Realspeed MICROPLUS 128 GB Memory Stick Class 10 130 MB...,3.8,₹569,43% off
,SanDisk Extreme Pro 1 TB SDHC Class 10 100 MB/s Memory...,4.5,"₹14,999",70% off
,SanDisk Extreme Pro 256 GB Type B UHS Class 3 1500 MB/s...,4.1,"₹11,699",62% off
,SanDisk Extreme Pro 128 GB MicroSDHC Class 10 200 MB/s ...,4.5,"₹1,699",41% off
,EDENIC 64GB MMC Card 64 GB MicroSD Card Class 10 80 MB/...,4,₹449,50% off
,SanDisk Extreme Pro 256 GB Type B UHS Class 3 1500 MB/s...,4.1,"₹11,699",62% off
,Lexar Professional 1066x 1 TB SDXC Class 10 160 MB/s M...,4.2,"₹20,696",10% off
,BRYT High Capacity Micro SD Card 64 GB MicroSDXC Class ...,3.9,₹820,17% off
,SanDisk Extreme Pro 64 GB SDHC UHS-I Card Class 10 300 ...,4.2,"₹7,049",27% off
,Verbatim 1 GB Compact Flash 6.5 MB/s Memory Card,3.8,"₹1,275",8% off
,13-HI-13 Pro 32 GB MicroSD Card Class 10 140 MB/s Memo...,3.2,"₹1,299",13% off
,SanDisk Extreme Pro 512 Compact Flash Class 10 525 Mbps...,3.6,"₹37,799",37% off
,SanDisk Extreme Pro 128 GB SDHC UHS-I Card Class 10 300...,4.2,"₹12,799",32% off
,SanDisk Max Endurance 128 GB MicroSDHC Class 10 100 MB/...,5,"₹2,349",41% off
,13-HI-13 Pro 32 GB MicroSD Card Class 10 140 MB/s Memo...,3.2,₹539,32% off
,SanDisk Extreme Pro 32 GB SDHC UHS-I Card Class 10 300 ...,4.2,"₹5,608",6% off
,Verbatim 95188 CF Card 4 GB Compact Flash Class 4 4 MB/...,4.1,"₹1,799",45% off
,SanDisk Extreme Pro 128 GB SDXC Class 10 300 Mbps Memo...,3.4,"₹24,569",1% off
,Lexar Professional 512 CFexpress Class 10 1750 MB/s Me...,3.8,"₹49,282",8% off
,Lexar Professional 800x 128 SDXC Class 10 120 MB/s Mem...,4.5,"₹1,829",20% off
,MOREBYTE Ultra 128 GB SDHC UHS-I Card UHS Class 1 100 M...,3.8,"₹1,090",45% off
,BRYT UHS-1 High Capacity Micro SD Card 64 GB MicroSDHC ...,3.8,₹650,34% off
,SanDisk Ultra 256 GB SDHC UHS-I Card Class 10 120 Mbps ...,4.2,"₹2,599",35% off
,SanDisk Ultra 512 GB SDHC UHS-I Card Class 10 120 Mbps ...,4.2,"₹5,199",45% off
,Lexar Professional 2000x 256 GB SDXC Class 10 300 MB/s ...,4.1,"₹29,729",9% off
,Lexar Professional 128 CFexpress Class 10 1750 MB/s Me...,3.8,"₹18,069",13% off
,SanDisk Extreme Pro 64 GB SDXC Class 10 300 Mbps Memor...,3.4,"₹7,049",45% off
,Verbatim 47012 CF Card 2 GB Compact Flash Class 4 4 MB/...,4.1,"₹1,275",15% off
,SanDisk Extreme Pro 64 GB Compact Flash UDMA 7 160 MB/s...,3.9,"₹6,249",47% off
,SanDisk Extreme Pro 32 GB SDHC Class 10 300 Mbps Memor...,4.5,"₹5,309",11% off
,Realspeed PRO HD 128 GB Memory Stick Class 10 130 MB/s ...,3.1,₹599,36% off
,KODAK High Speed SDHC 32 GB SD Card Class 10 95 MB/s M...,4.1,"₹1,295",48% off
,MACKTECH 1 8 MB Compact Flash Class 2 8 MB/s Memory Ca...,4.3,₹629,37% off
,SanDisk Extreme Pro 128 GB Compact Flash Class 10 160 M...,4,"₹9,899",52% off
,SanDisk EXTREME 128 GB Compact Flash UDMA 7 120 MB/s M...,4.2,"₹6,359",33% off
,WD WD Purple Surveillance Micro SD 128 GB MicroSDXC Cla...,4.3,"₹1,895",42% off
,Lexar Professional 128 CFexpress Class 10 1000 MB/s Me...,3,"₹12,699",20% off
,Lexar 633x 512 MicroSDXC Class 10 100 MB/s Memory Card,5,"₹7,203",8% off
,SanDisk Extreme 64 GB Compact Flash UDMA 7 120 MB/s Me...,4.2,"₹4,298",14% off
,SanDisk Extreme PRO 32 GB Compact Flash Class 10 160 MB...,4,"₹4,109",41% off
,SanDisk Extreme Pro 128 Compact Flash Class 10 525 Mbps...,3.6,"₹12,599",67% off
,SanDisk Extreme Pro 64 Compact Flash Class 10 525 Mbps ...,3.6,"₹7,199",74% off
,SanDisk Extreme PRO 256 GB Compact Flash UDMA 7 160 MB/...,3.9,"₹17,379",43% off
,Lexar Professional 1066x 512 MicroSDXC Class 10 160 MB/...,4.8,"₹8,689",8% off
,kioxia Exceria 64 GB MicroSD Card Class 10 100 MB/s Me...,3.6,₹799,13% off
,Lexar Professional 1066x 256 GB SDXC Class 10 160 MB/s ...,4.2,"₹4,499",8% off
,MACKTECH 1 8 MB Compact Flash Class 2 8 MB/s Memory Ca...,4.3,₹659,34% off
,Lexar Professional 800x 256 SDXC Class 10 120 MB/s Mem...,4.5,"₹3,658",8% off
,BRYT UHS-1 High Capacity Micro SD Card 128 GB MicroSDHC...,3.8,"₹1,050",14% off
,Lexar Professional 256 CFexpress Class 10 1750 MB/s Me...,3.8,"₹26,499",24% off
,Lexar Professional 64 CFexpress Class 10 1750 MB/s Mem...,3.8,"₹13,835",10% off
,Lexar Professional 256 CFexpress Class 10 1000 MB/s Me...,3,"₹19,999",23% off
,XCCESS Xcces 64GB Micro Sd Card Pack of 4 64 GB MicroSD...,3.8,"₹1,569",65% off
,EDENIC Edenic 8GB MMC Card 8 GB MicroSD Card Class 10 4...,4.1,₹366,8% off
,COMPUTER PLAZA Ps2 64 mb memory card for playstation 2 ...,3.8,₹998,65% off
,SanDisk Ultra Curve 256 Pen Drive,4.3,"₹1,699",50% off
,SanDisk SDCZ48-128G-I35 128 GB Pen Drive,4.3,₹829,44% off
,HP 128GB PENDRIVE V220w 2IN1 OTG FREE 128 GB Pen Drive,4.1,₹411,74% off
,SanDisk Cruze Blade SDCZ50 64 GB Pen Drive,4.2,₹574,18% off
,SanDisk SDDDC4-128G-I35 128 GB OTG Drive,4.2,"₹1,199",42% off
,SanDisk SDDDC3-256G-I35NBB / Mobile Dual Drive / 400 Mb...,4.2,"₹2,059",37% off
,HP v220w 2IN1 OTG 128 GB Pen Drive,3.8,₹419,73% off
,SanDisk SDDDC4-256G-I35 256 GB OTG Drive,4.3,"₹2,049",41% off
,HP PENDRIVE WITH TYEP C OTG 128 GB Pen Drive,3.7,₹390,57% off
,HP v220m 128 GB Pen Drive,3.7,₹400,58% off
,SanDisk Ultra Shift™ USB 3.0 256 GB Pen Drive,4.2,"₹1,699",39% off
,SanDisk SDDDC3-128G-I35NBB / Mobile Dual Drive / 400 Mb...,4.2,"₹1,159",35% off
,SanDisk SDCZ48-064G-I35 64 GB Pen Drive,4.3,₹459,42% off
,HP v220m 128 GB Pen Drive,3.7,₹404,73% off
,SanDisk SDDDC3-256G-I35 256 GB OTG Drive,4.2,"₹1,899",42% off
,SanDisk SDDDC3-064G-I35NBB / Mobile Dual Drive / 150 Mb...,4.3,₹699,41% off
,SanDisk Cruze Blade SDCZ50 128 GB Pen Drive,4.2,₹729,43% off
,HP 128GB Pen drive V220W USB 3.0 128 GB Pen Drive,3.8,₹418,65% off
,SanDisk Ultra Shift™ USB 3.0 32 GB Pen Drive,4.2,₹399,33% off
,SanDisk Ultra Shift USB 3.2 64 GB Pen Drive,4.2,₹439,56% off
,HP V220W 128GB With 2 IN 1 OTG 128 GB Pen Drive,3.8,₹399,57% off
,SanDisk SDDDC3-128G-I35L / Mobile Dual Drive / 400 Mbs ...,4.2,"₹1,099",38% off
,SanDisk SDDDC2-256G-I35 256 GB OTG Drive,4.2,"₹1,999",39% off
,HP v215w 128 GB Pen Drive,3.7,₹672,55% off
,SanDisk Ultra USB 3.0 256 GB Pen Drive,4.2,"₹1,749",57% off
,HP 2 IN1 OTG V220N 128 GB Pen Drive,3.6,₹400,59% off
,HP V220w 1 OTG METAL 128 GB Pen Drive,4.1,₹360,79% off
,HP V22oWx 64 GB Pen Drive,3.8,₹390,44% off
,HP V220G 2IN OTG FREE 128 GB Pen Drive,3.6,₹424,71% off
,SanDisk SDDDC3-128G-I35 128 OTG Drive,4.2,"₹1,099",49% off
,SanDisk SDDDC3-064G-I35 64 GB OTG Drive,4.3,₹699,41% off
,HP 128GB with Type C OTG Connecter 128 GB Pen Drive,3.7,₹398,55% off
,SanDisk SDDDC4-256G-I35GD 256 GB OTG Drive,4.3,"₹2,049",41% off
,SanDisk SDDDC3-128G-I35AG / Mobile Dual Drive / 400 Mbs...,4.2,"₹1,159",35% off
,SanDisk SDDDC2-128G-I35 128 GB OTG Drive,4.3,"₹1,129",40% off
,SanDisk Cruzer Blade USB 2.0 32 GB Flash Pen Drive,4.3,₹485,19% off
,SanDisk SDDDC4-128G-I35GD 128 GB OTG Drive,4.2,"₹1,595",24% off
,HP v220w215 128 GB Pen Drive,3.7,₹679,35% off
,HP v220w 32 GB Pen Drive,4,₹359,51% off
,HP v220m 128 GB Pen Drive,3.8,₹899,47% off
,HP V220 32 GB Pen Drive,3.9,₹368,50% off
,SanDisk SDDD3-064G-I35GW 64 GB OTG Drive,4.3,₹539,46% off
,HP V220W 64 GB Pen Drive,3.6,₹379,49% off
,HP SPEED 128 GB OTG Drive,4,₹417,67% off
,SanDisk Ultra Curve 128 GB Pen Drive,4.2,₹799,42% off
,SanDisk Ultra Curve 128 GB Pen Drive,4.2,₹799,42% off
,SanDisk SDDDC4-512G-I35 512 GB OTG Drive,4.1,"₹4,049",42% off
,SanDisk SDDDC3-064G-I35L / Mobile Dual Drive / 150 Mbs ...,4.3,₹749,22% off
,Acer UM310 128 GB Pen Drive,4,"₹1,135",24% off
,SanDisk Pendrive 64 gb (USB 3.0) 64 Pen Drive,4.2,₹699,46% off
,SanDisk Ultra Curve 128 GB Pen Drive,4.2,₹799,42% off
,SanDisk Ultra Dual Drive Go Type C 512 GB OTG Drive,4.1,"₹3,699",39% off
,SanDisk SDDDC4-064G-I35 64 GB OTG Drive,4.3,₹849,39% off
,SanDisk Ultra Curve 32 GB Pen Drive,4.3,₹399,38% off
,SanDisk Ultra Curve 64 GB Pen Drive,4.2,₹449,43% off
,HP v220w 128 GB Pen Drive,3.7,₹711,43% off
,SanDisk Ultra Curve 32 Pen Drive,4.3,₹399,43% off
,SanDisk Ultra Curve 32 Pen Drive,4.3,₹399,38% off
,SanDisk SDDDC3-032G-135NB 32 GB OTG Drive,4.2,₹649,45% off
,HP x220w 64 GB Pen Drive,3.8,₹445,75% off
,HP V215B 32 GB Pen Drive,4,₹400,38% off
,HP Flash Drive 128 GB Pen Drive,3.7,₹405,66% off
,HP v215w 16 GB Pen Drive,4.1,₹359,44% off
,HP TYEP C OTG+ 128 GB Pen Drive,3.6,₹384,59% off
,SanDisk Ultra Luxe USB 3.1 128 GB Pen Drive,4.2,"₹1,149",32% off
,HP V236w 64 GB Pen Drive,4.2,₹399,73% off
,HP v220w 128 GB Pen Drive,3.8,₹444,75% off
,HP V22OW 64 GB Pen Drive,3.8,₹381,49% off
,HP V220W 128 GB Pen Drive,3.7,₹420,65% off
,HP x220w 64 GB Pen Drive,3.8,₹390,45% off
,SanDisk Ultra Curve 256 GB Pen Drive,4.3,"₹1,699",29% off
,SanDisk Ultra Shift USB 3.0 64 GB Pen Drive,4.2,₹449,43% off
,SanDisk SDDDC2-064G-I35 64 GB OTG Drive,4.3,₹749,42% off
,SanDisk Ultra Luxe USB 3.1 64 GB Pen Drive,4.2,₹709,35% off
,Acer UM310 256 GB Pen Drive,4.1,"₹3,395",50% off
,HP V220J 2 IN 1 OTG FREE 128 GB Pen Drive,3.6,₹416,76% off
,HP 128 GB Pendrive High Speed 2.0/3.0 Go USB 128 GB OTG...,3.8,₹416,71% off
,HP Na 64 GB Pen Drive,3.9,₹369,47% off
,SanDisk Ultra Curve 256 Pen Drive,4.3,"₹1,699",50% off
,HP V22OW 64 GB Pen Drive 64 GB Pen Drive,3.8,₹402,42% off
,SanDisk Ultra Curve 256 GB Pen Drive,4.3,"₹1,699",39% off
,SanDisk Ultra Shift USB 3.0 128 GB Pen Drive,4.1,₹799,42% off
,SanDisk Ultra Shift USB 3.0 128 GB Pen Drive,4.1,₹799,42% off
,HP V22OW 64 GB Pen Drive,3.8,₹799,2% off
,HP 2IN1 OTG FREE V220Y 128 GB Pen Drive,3.6,₹392,58% off
,HP V220W 128GB Flash Drive 128 GB Pen Drive,3.7,₹420,73% off
,SanDisk SDCZ73-128G-I35 128 Pen Drive,4.2,₹859,42% off
,SanDisk SDDDC3-256G-I35NBB / Mobile Dual Drive / 400 Mb...,4.2,"₹2,059",37% off
,SanDisk Ultra Shift USB 3.0 256 GB Pen Drive,4.2,"₹1,699",39% off
,HP V220 OTG 2IN 1 FREE 128 GB Pen Drive,3.7,₹400,59% off
,SanDisk Ultra Shift USB 3.0 256 GB Pen Drive,4.2,"₹1,699",39% off
,HP v250w 128 GB Pen Drive,4,₹636,36% off
,SanDisk SDDDC3-256G-I35AG / Mobile Dual Drive / 400 Mbs...,4.2,"₹2,059",37% off
,HP V220q 128 GB Pen Drive,4.1,₹399,60% off
,SanDisk Ultra Shift USB 3.0 256 GB Pen Drive,4.2,"₹1,699",39% off
,SanDisk Ultra Shift USB 3.0 512 GB Pen Drive,3.7,"₹3,499",36% off
,HP v220w 2IN OTG 128 GB Pen Drive,3.8,₹424,56% off
,HP v236W 128 GB Pen Drive,4,₹729,75% off
,HP V220g OTG 2IN1 128 GB Pen Drive,3.6,₹444,75% off
,SanDisk DUAL DRIVE GO USD TYPE-C 128 GB OTG Drive,4.1,"₹1,345",35% off
,HP 128gb Pendrive 2in1 Otg Free 128 GB OTG Drive,3.6,₹405,68% off
,HP V215W 64 GB Pen Drive,3.9,₹415,48% off
,HP v250 128 GB Pen Drive,3.7,₹799,32% off
,SanDisk Ultra Shift USB 3.0 512 GB Pen Drive,3.7,"₹3,499",36% off
,SanDisk SDDDC3-256G-I35L / Mobile Dual Drive / 400 Mbs ...,4.2,"₹2,059",37% off
,SanDisk Ultra Luxe USB 3.1 256 GB Pen Drive,4.3,"₹1,899",40% off
,SanDisk SDDDC3-064G-I35NB 64 GB OTG Drive,4.2,₹974,18% off
,SanDisk iXpand Flash Drive Flip 128 GB OTG Drive,4.2,"₹3,129",53% off
,HP A1+xyz 64 GB Pen Drive,3.6,₹371,41% off
,SanDisk SDDDC3-128G-I35PC 128 GB OTG Drive,4.2,"₹1,099",56% off
,SanDisk iXpand Flash Drive Flip 256 GB OTG Drive,4.3,"₹5,149",39% off
,HP Flash Drive 128 GB OTG Drive,3.8,₹449,70% off
,SanDisk iXpand Flash Drive Flip 64 GB OTG Drive,4.2,"₹2,219",38% off
,SanDisk Cruzer Blade USB Flash Drive (BLACK & RED) - 3P...,4.2,"₹1,199",11% off
,SanDisk Cruzer Blade 128 GB Pen Drive,3.8,"₹1,099",50% off
,SanDisk SDSDQM-008G-B35 Cruzer Blade 2Pcs Combo 8 GB Pe...,4.1,₹779,36% off
,HP v220w 128 GB Pen Drive,4.1,₹419,72% off
,SanDisk SDDDC3-064G-I35PC 64 GB OTG Drive,4.2,₹809,37% off
,"SanDisk Ultra Shift USB Flash Drive USB 3.0, 100MB/s 64...",4.2,₹649,35% off
,HP V222W 32 GB Pen Drive,4.2,₹519,25% off
,HP V222W 32 GB Pen Drive,4.2,₹519,25% off
,HP v215b 32 GB Pen Drive,4,₹425,34% off
,SYSTICK USB FLASHDRIVE 2.0 / Model S-101 Portable High ...,3.9,₹330,66% off
,HP mm-usb32gb-02p 32 GB Pen Drive,3.9,₹344,50% off
,SanDisk Dual Drive Go 512 GB OTG Drive,4.1,"₹3,699",39% off
,HP 128GB 2IN 1 OTG CONNECTOR 128 GB Pen Drive,3.9,₹400,59% off
,SanDisk SDDDC2-032G-I35 32 GB OTG Drive,4.3,₹709,35% off
,SanDisk Cruzer Blade USB Flash Drive 2.0 Pen Drive 32 G...,3.8,₹470,27% off
,HP v220w 128 GB Pen Drive,3.6,₹431,66% off
,SYSTICK USB FLASHDRIVE 2.0 / Model S-101 Portable High ...,4,₹254,63% off
,"EVM EnStick USB 3.2, High Speed 200 Mb/s, Indias Fastes...",4.3,₹429,73% off
,Acer UP300 128 GB Pen Drive,4.2,₹799,61% off
,HP x796w 128 GB Pen Drive,4.2,"₹1,224",79% off
,HP 220VW 2.0/3.0 128 GB Pen Drive,3.8,₹416,66% off
,SanDisk Ultra Shift™ USB 3.0 128 GB Pen Drive,4.1,₹799,42% off
,HP v220b 128 GB OTG Drive,4.1,₹399,50% off
,SanDisk DDDC3-064G-I35 64 OTG Drive,4.2,₹883,44% off
,HP FD236W 32GB USB 2.0 32 GB Pen Drive,4.1,₹589,34% off
,HP V220w 2IN OTG 128 GB Pen Drive,3.6,₹438,72% off
,DM PD168 256GB USB 3.1 Type C High-Speed Metal Pendrive...,4,"₹2,149",46% off
,HP V222W 16 GB Pen Drive,4.3,₹488,11% off
,HP V222W 64 GB Pen Drive,4,₹625,51% off
,HP 712W 64GB USB3.2 64 GB Pen Drive,4.2,₹596,48% off
,"EVM EnStick USB 3.2, High Speed 200 Mb/s, Indias Fastes...",4.1,₹499,75% off
,HP V220w Metal high speed 128 GB OTG Drive,3.8,₹444,75% off
,HP V220w C-TYPE OTG FREE 128 GB Pen Drive,3.8,₹422,73% off
,SanDisk Cruzer Blade USB Flash Drive (BLACK & RED) - 3p...,4.2,"₹1,199",11% off
,SYSTICK USB FLASHDRIVE 2.0 / Model S-101 Portable High ...,3.7,₹381,80% off
,HP v215w 32 GB Pen Drive,4,₹396,47% off
,SanDisk SDDDC3-512G-I35PC 512 GB OTG Drive,4.1,"₹3,699",39% off
,SanDisk Curzer Blade USb Flash Drive 64 GB Pen Drive,3.3,₹522,52% off
,HP X796W 128GB USB 3.1 128 GB Pen Drive,4,"₹1,299",51% off
,HP V220w srp 128 GB Pen Drive,4.3,₹421,57% off
,SanDisk SDDDC4-1T00-I35 1 TB OTG Drive,4,"₹8,399",39% off
,SanDisk SDDDC3-032G-I35 32 GB OTG Drive,4.3,₹800,23% off
,HP MT v220w 128 GB Pen Drive,3.6,₹426,56% off
,SanDisk SDDDC3-064G-I35AG / Mobile Dual Drive / 150 Mbs...,4.3,₹749,37% off
,HP HPRM V220W 128GB PENDRIVE 2.0 128 GB Pen Drive,3.6,₹395,60% off
,HP GNS v220w 128 GB Pen Drive,3.5,₹408,59% off
,SanDisk Dual Drive Go 128 GB OTG Drive,4.2,"₹1,418",35% off
,SanDisk Cruzer Blade USB Flash Drive 2.0 32 GB Pen Driv...,3.9,₹427,39% off
,SanDisk SDDDC3-128G 128 OTG Drive,3.8,"₹1,394",38% off
,HP 712W 32GB USB3.0/USB3.2 (7Z376AA#ACJ) 32 GB Pen Driv...,4.4,₹546,40% off
,HP 712W USB3.2 (7Z3755AA#ACJ) 64 GB Pen Drive,4.3,₹603,47% off
,SanDisk Ultra Luxe USB 3.1 512 GB Pen Drive,4.1,"₹3,699",24% off
,Strontium Ammo SR16GSLAMMO 16 GB Pen Drive,4.3,₹474,36% off
,SanDisk SDDDC4-256G-I35GD Luxe Dual Drive 256GB Storage...,4.6,"₹2,999",14% off
,SanDisk SDDD3-064G 64 OTG Drive,3.8,₹875,37% off
,HP x206C USB 3.2 TYPE C 128 GB Pen Drive,4,"₹1,440",40% off
,HP V220q 2IN 1 OTG FREE OG 128 GB Pen Drive,3.7,₹411,64% off
,SanDisk SDCZ73-256G-I35 256 Pen Drive,4.2,"₹1,799",65% off
,HP V236V USB Metal Flash Drive - Pendrive 16GB -USB 2.0...,4.2,₹462,7% off
,HP V220 Metal High 128 GB Pen Drive,3.7,₹444,75% off
,SanDisk SDDDC2-128G 128 OTG Drive,4.2,"₹1,575",46% off
,SanDisk SDCZ73-064G-I35 64 Pen Drive,4.2,₹735,38% off
,Acer UP200 128 GB Pen Drive,3.8,₹759,63% off
,HP MM-USB064GB-33P 64 OTG Drive,4.2,₹899,39% off
,SanDisk Ultra Fit USB 3.1 512 GB Pen Drive,4.1,"₹3,749",9% off
,SanDisk SDDDC3-256G-I35PC 256 GB OTG Drive,4.2,"₹1,899",62% off
,HP v220 128 GB Pen Drive,3.6,₹415,62% off
,SanDisk SDDDC4-032G-I35 32 GB OTG Drive,4.3,₹999,23% off
,HP usb v220w 64 GB Pen Drive,3.8,₹395,47% off
,HP flash dirve 64 GB Pen Drive,3.8,₹420,47% off
,DM PD168 64GB USB 3.1 Type C High-Speed Metal Pendrive ...,4,₹899,55% off
,HP 2.0 v220 32 GB Pen Drive,3.9,₹373,42% off
,Lexar JumpDrive S80 128 GB Pen Drive,4,₹995,60% off
,EVM EnVault USB 2.0 Flash Drive-High Performance 32 GB ...,4.1,₹399,50% off
,Acer UM310 64 GB Pen Drive,4.2,₹755,55% off
,HP 712W 64GB USB3.2 64 GB Pen Drive,4.5,₹630,45% off
,SanDisk Ultra Dual Drive Go USB Type-C 64 GB OTG Drive,4.2,₹931,41% off
,SanDisk 64GB Pendrive Ultra Flair USB 3.0 Flash Drive 6...,4.2,₹654,53% off
,HP 818W USB3.2 Metal Body(8Y6S9AA#ACJ) 64 GB Pen Drive,4.1,₹699,57% off
,SanDisk Ultra Fit USB 3.1 256 GB Pen Drive,4.2,"₹1,799",40% off
,SanDisk 16GB Pendrive 16 GB Pen Drive,4.1,₹427,20% off
,SanDisk CZ48 128 GB Pen Drive,4.2,"₹1,091",49% off
,HP V22Ox 64 GB Pen Drive,3.7,₹424,49% off
,Acer UP200 64 GB Pen Drive,4,₹699,41% off
,SanDisk Ultra Slider USB Type-C 256 GB OTG Drive,4.4,"₹1,989",37% off
,SanDisk Ultra USB3.0 32 GB Pen Drive,4.3,₹501,31% off
,SanDisk Pendrive 32 GB 32 Pen Drive,4,₹427,46% off
,SanDisk SDCZ73-032G-I35 32 Pen Drive,4.3,₹522,28% off
,Acer USB 3.2 UM310 64 GB Pen Drive,4.2,₹755,58% off
,SanDisk 32 gb Cruzer Blade Pen Drive combo 32 GB Pen Dr...,4.2,₹836,47% off
,SanDisk Pen Drive USB Cruzer Ultra USB 3.0 Flash Drive ...,4.2,₹665,26% off
,SanDisk Ultra Dual Drive Go Type C 256 GB OTG Drive,4.2,"₹1,899",42% off
,SanDisk Cruzer Blade 16 GB Pen Drive,4.1,₹401,19% off
,HP 128gb Pendrive 2in1 Otg Free 128 GB Pen Drive,3.5,₹428,67% off
,SanDisk Cruzer Blade 16 GB Pen Drive,4.1,₹418,16% off
,SanDisk Ultra Curve 64 GB Pen Drive,4.2,₹449,43% off
,EVM EnStore+ Metal USB 3.2 Pendrive - High Speed up to ...,3.9,₹899,74% off
,beshu SANDISK 16 GB Pen Drive,3.9,₹379,57% off
,DM PD168 512GB USB3.1 Type C High Speed Metal Pendrive ...,4,"₹3,699",38% off
,HP v222w 64 GB Pen Drive,4.5,₹599,47% off
,HP gss 220 128 GB Pen Drive,3.6,₹449,70% off
,SYSTICK USB FLASHDRIVE 2.0 (16GB) {COMBO OF 3} 16 GB Pe...,3.6,₹679,72% off
,SanDisk Ultra Luxe USB 3.1 32 GB Pen Drive,4.3,₹790,21% off
,SanDisk Cruzer Blade Usb 2.0 Flash Drive For Desktop Co...,3.8,₹388,22% off
,SanDisk DUAL DRIVE GO 32 OTG Drive,4.3,₹717,31% off
,HP V220m 64 GB Pen Drive,3.8,₹382,57% off
,SYSTICK PENDRIVE USB 2.0 32 GB Pen Drive,4.4,₹324,67% off
,HP V220 Metal 128 GB Pen Drive,3.8,₹442,72% off
,HP x779W 64 GB Pen Drive,4.2,"₹1,296",56% off
,SanDisk SDCZ430-128G-I35 128 Pen Drive,4.1,₹949,63% off
,HP A1 V220W 128 GB Pen Drive,3.6,₹402,59% off
,HP V222W 32 GB Pen Drive,4.2,₹505,27% off
,SanDisk Cruzr Blade 32 GB 32 GB Pen Drive,3.6,₹499,23% off
,SanDisk Cruzer Blade (With 5 Year Warranty) 32 GB Pen D...,4,₹520,20% off
,SanDisk SDDD3 32GB 32 GB OTG Drive,4.2,₹622,22% off
,HP USB 2.0 FLASH DRIVE 64GB v222w 64 GB Pen Drive,4.2,₹740,43% off
,Lexar JumpDrive S80 32 GB Pen Drive,4.3,₹484,35% off
,Lexar JumpDrive M22 32 GB Pen Drive,4.4,₹599,14% off
,SanDisk Ultra Dual Drive Go Type C 128 GB OTG Drive,4.2,"₹1,598",11% off
,SanDisk Ultra Slider USB Type-C 128 GB OTG Drive,3.9,"₹1,079",36% off
,SanDisk Curzer Blade USb Flash Drive 16 GB Pen Drive,4,₹427,14% off
,HP q220t 128 GB Pen Drive,3.6,₹411,58% off
,HP p220l 128 GB Pen Drive,3.8,₹404,55% off
,Sandisk Cruzer Blade 16 GB Utility Pendrive,4.3,₹309,31% off
,HP V220W Flash Drive 128 GB Pen Drive,3.7,₹431,61% off
,SanDisk USB FLASH DRIVE 2.0 32 GB Pen Drive,3.9,₹519,5% off
,SanDisk CRUZER BLADE USB FLASH DRIVE COMBO OF 2 32 GB P...,3.7,₹845,29% off
,HP V220W OTG 64 GB Pen Drive,3.5,₹421,43% off
,SanDisk C273 ULTRA FLAIR 32 GB Pen Drive,4.2,₹690,13% off
,HP X760W 128 Pen Drive,4.1,"₹1,365",65% off
,HP V220Z 128 GB Pen Drive,3.6,₹442,72% off
,SYSTICK USB FLASHDRIVE 2.0 PENDRIVE (8GB) {3X} MODEL-10...,4.3,₹594,70% off
,HP USB 3.2 Light Golden Flash Drive X779w 128 GB Pen Dr...,3.9,"₹1,349",41% off
,SanDisk Ultra Dual Drive Go Type C 32 GB OTG Drive,4.2,₹796,24% off
,SanDisk Ultra Slider USB Type-C 64 GB OTG Drive,4.1,₹689,37% off
,SanDisk Dual Drive Type C 128 GB OTG Drive,4.2,"₹1,549",47% off
,Lexar JumpDrive M22 64 GB Pen Drive,4,₹749,31% off
,HP V220 2IN1 OTG METALS 128 GB Pen Drive,3.7,₹419,76% off
,SanDisk Ultra Dual SDDD3-064G-I35 128 OTG Drive,4,"₹1,291",51% off
,SAMSUNG MUF-128DA/APC 128 GB Pen Drive,4.2,"₹1,799",47% off
,SanDisk SDCZ73-064G-I35 64 GB Pen Drive,4,₹682,49% off
,HP V220W 64 GB OTG Drive,3.4,₹485,51% off
,SanDisk 64 GB PENDRIVE 64 GB Pen Drive,4.1,₹512,53% off
,HP v215b 128 GB Pen Drive,3.5,₹451,43% off
,SanDisk Cruzer Blade 32 GB Pen Drive,3.8,₹539,17% off
,SanDisk Ultra Luxe USB Type-C 64 GB OTG Drive,4,₹799,38% off
,SanDisk Red/Black 64 GB Pen Drive,3.6,₹620,43% off
,SanDisk SDDD3-128G-I35 128 GB OTG Drive,4,"₹1,377",48% off
,HP V220q 64 GB Pen Drive,3.7,₹396,43% off
,HP MM-USB128GB-33P 128 OTG Drive,3.6,"₹1,256",49% off
,Acer UP300 64 GB Pen Drive,4.2,₹699,56% off
,HP V220 Metal High 1 otg 128 GB Pen Drive,3.5,₹388,78% off
,SanDisk ULTRA USB 3.0 2PCS. 32 GB Pen Drive,4,"₹1,099",33% off
,HP USB 2.0 Flash Drive 32GB V220W 32 GB Pen Drive,3.9,₹375,46% off
,SanDisk Dual Drive TYpe C 64 GB OTG Drive,4.3,₹985,40% off
,SYSTICK USB FLASHDRIVE 2.0 PENDRIVE (32GB) {3X} MODEL-1...,4.3,₹679,75% off
,"DM PD235 32GB USB 3.2 Gen1 Metal Pendrive, 450Mb/s, Sup...",4.6,₹524,47% off
,SanDisk Blade USB Flash drive 16 GB Pen Drive,4.2,₹426,14% off
,KINGSTON DataTraveler Exodia M USB 3.2 Gen 1 128 Pen Dr...,4,₹949,27% off
,SanDisk DUAL DRIVE GO 64 GB OTG Drive,4.2,₹946,40% off
,SanDisk DUAL DRIVE GO 64 GB OTG Drive,4.2,₹946,40% off
,SanDisk Curzer Blade USb Flash Drive 16 GB Pen Drive (R...,4.2,₹427,14% off
,SanDisk SDDDC4-64G-i35 64 GB OTG Drive,4,"₹1,120",41% off
,SanDisk 16GB Pendrive Ultra Flair USB 3.0 Flash Drive 1...,3.8,₹429,38% off
,"hmd Pendrive 128GB 4 in 1 Flash Drive with Micro USB, U...",3.6,"₹1,511",24% off
,HP x796C OTG TYPE C USB 3.2 Flash Drive 256 GB Pen Driv...,3.8,"₹2,999",31% off
,SanDisk dual 32 single 32 GB OTG Drive,4.3,₹690,27% off
,SanDisk Cruzer Blade 32GB USB Flash Drive CZ50 32GB Pen...,4,₹549,15% off
,SanDisk Ultra Luxe USB Type-C 128 GB OTG Drive,3.7,"₹1,249",34% off
,HP v150W PENDRIVE 64 GB Pen Drive,4.2,₹580,49% off
,Acer UP200 128 GB Pen Drive,3.7,₹995,52% off
,SanDisk 64GB Pendrive 64 GB Pen Drive,4,₹699,44% off
,SanDisk Cruzer Blade 16GB USB 2.0 Pendrive ( Pack of 2 ...,4.1,₹854,5% off
,SanDisk Ultra Dual Drive Go Type C 32 GB OTG Drive,4.2,₹649,35% off
,SanDisk SDCZ430-064G-I35 64 GB Pen Drive,4.3,₹895,31% off
,SanDisk OTG 3.0 64 GB Pen Drive,4.1,₹776,59% off
,SanDisk Ultra CZ48 USB 3.0 32 GB Pen Drive,4.5,₹600,20% off
,Acer UP200-16GB-BLACK 16 GB Pen Drive,4.4,₹475,32% off
,SanDisk Cruzer Blade Pack of 2 16 GB Pen Drive,4.3,₹870,3% off
,HP 64GB|2.0 64 GB Pen Drive,3.8,₹617,54% off
,SanDisk SDDDC2-064G 64 OTG Drive,4.3,₹994,39% off
,HP v236 16 GB Pen Drive,4.3,₹470,6% off
,SanDisk Pen Drive USB Cruzer Ultra USB 3.0 Flash Drive ...,3.3,₹435,37% off
,HP 2.0 v220 32 GB Pen Drive,3.9,₹359,44% off
,PNY PFD64GATT4-BR20 64 GB Pen Drive,3.9,₹675,20% off
,SanDisk PENDRIVE 2.0 USB 64 GB Pen Drive,3.9,₹513,53% off
,MOREBYTE MBFD 4GB ULTRA FAST 2.0 PEN DRIVE 4 GB Pen Dri...,3.9,₹315,20% off
,SYSTICK Flash Drive 128 GB 4 in 1 Pendrive with Light-n...,4.6,"₹1,219",82% off
,HP MM-USB016GB-11P 16 GB Pen Drive,4.2,₹474,5% off
,HP GNS v220w 128 GB Pen Drive,3.6,₹409,57% off
,SanDisk Ultra Flair USB 3.0 32 GB Pen Drive,4.1,₹608,24% off
,"SanDisk SDCZ73-064G-I35 64 Pen Drive (Silver, Black) 64...",4,₹721,44% off
,HP USB 3.2 Light Golden Flash Drive x779W 256 GB Pen Dr...,3.8,"₹2,999",25% off
,HP 128GB Pendrive 128 GB Pen Drive,3.7,₹422,80% off
,SanDisk SDCZ48-032G-I35 32 GB Pen Drive,3.9,₹630,37% off
,SanDisk SDDDC3-032G 32 GB OTG Drive,4.1,₹747,28% off
,SanDisk Ultra Flair(3.0) 32 GB Pen Drive,4,₹551,31% off
,SanDisk CZ50 32 GB Pen Drive,4.1,₹394,34% off
,SanDisk SDCZ50-O32G-I35 32 GB Pen Drive,3.7,₹503,22% off
,HP =V220W 128GB Flash Drive 128 GB Pen Drive,3.7,₹413,58% off
,SanDisk Ultra Luxe 128 GB Pen Drive,3.6,"₹1,399",44% off
,HP V220 Srp 128 GB Pen Drive,3.9,₹424,73% off
,SanDisk Ultra Luxe 64 GB Pen Drive,4.2,₹970,25% off
,SanDisk SDDD3-64GB OTG 64 GB OTG Drive,4,₹808,46% off
,HP RT V220W 128 GB Pen Drive,3.7,₹424,68% off
,T ZED Pendrive OTG 2IN1 + Pendrive 128 GB Pen Drive,3.5,₹541,71% off
,SanDisk Cruzer Blade 16 GB (RED & BLACK) 16 GB Pen Driv...,4.1,₹500,9% off
,SanDisk SDCZ50 64 GB Pen Drive,3.7,₹569,48% off
,SanDisk 32 gb 100mbps Pendrive 32 Pen Drive,4.3,₹615,38% off
,"SanDisk Cruzer Blade USB 2.0 (Black, Red) 64 GB Pen Dri...",4.2,₹593,40% off
,SanDisk SDDDC4-032G-I35 256 GB OTG Drive,4.3,"₹2,549",27% off
,SanDisk Cruzer Blade SDCZ50 128 GB Pen Drive,3.8,"₹1,148",47% off
,SanDisk SDCZ50-128GB-Cruze Blade 128 GB Pen Drive,3.5,₹940,53% off
,"Simmtronics USB Flash Drive with Metal Body, 5 Years Wa...",4.2,₹410,8% off
,"Simmtronics USB Flash Drive with Metal Body, 5 Years Wa...",4.1,₹437,12% off
,SanDisk 32 gb Cruzer Blade Pen Drive with Micro OTG Ada...,3.1,₹699,30% off
,HP v236w 16 GB Pen Drive,4.1,₹360,48% off
,SanDisk SDCZ48-032G 32 Pen Drive,4.4,₹521,31% off
,MOREBYTE 8gb USB Pen Drive with Metal Body External Sto...,4.1,₹338,15% off
,SanDisk Ultra Dual USB 3.0 32 GB OTG Drive,4.1,₹612,28% off
,HP 220m 128 GB OTG Drive,3.7,₹417,72% off
,Verilux Flash Drive 4 in 1 Pendrive 64GB Mini Hangable ...,4.4,"₹1,521",20% off
,SanDisk SDDDC4-128G-I35GD Luxe Dual Drive 128GB Storage...,4.2,"₹1,596",46% off
,HP (Pack of 2) 712W 64GB USB3.2 64 GB Pen Drive,4.4,"₹1,195",48% off
,HP USB 3.2 X779w 32 GB Pen Drive,3.6,₹795,63% off
,SanDisk SDCZ48-016G-I35 16 GB 16 GB Pen Drive,4,₹494,17% off
,HP (Pack of 2 ) 818W Metal Body USB3.2 64 GB Pen Drive,4,"₹1,189",40% off
,FourTen USB Flash Drive 128 GB Pen Drive,5,₹549,67% off
,HP V220w Metal high speed 128 GB OTG Drive,4.4,₹419,58% off
,SanDisk SDDD3-128 128 GB Pen Drive,3.9,"₹1,329",49% off
,SanDisk Cruzer Blade 16 GB Utility Pendrive 16 GB Pen D...,3.9,₹427,14% off
,SanDisk CZ50-032G-I35 32 GB Pen Drive,3.9,₹520,20% off
,PNY PFMM2064-BR20 64 GB Pen Drive,4,₹837,7% off
,SanDisk Cruzer Blade SDCZ50-064G-I35 64 GB Pen Drive,4.2,₹649,35% off
,SanDisk Ultra Flair USB 3.0 128 GB Pen Drive,4.1,"₹1,200",54% off
,KINGSTON DataTraveler Exodia Onyx 64 GB Pen Drive,4,₹640,20% off
,SanDisk SDDDC4-128 128 GB OTG Drive,4.3,"₹1,539",48% off
,HP Usb 3.1 x796w 256 GB Pen Drive,4.3,"₹2,699",32% off
,SanDisk Ultra Dual USB 3.0 64 GB OTG Drive,4,₹767,45% off
,SanDisk ULTRA USB 3.0 FLASH DRIVE 32 GB Pen Drive,4.3,"₹1,465",24% off
,kioxia U202 32 GB Pen Drive,4.3,₹499,44% off
,SanDisk Ultra flair 3.0 USB Flash Drive speed up to 150...,4.2,₹649,18% off
,EVM Enstore 64GB Metal USB 3.2 Pendrive - High Performa...,4,₹551,77% off
,"Simmtronics USB Flash Drive with Metal Body, 5 Years Wa...",3.9,₹465,33% off
,SanDisk SDDDC3 128 GB OTG Drive,3.9,"₹1,064",58% off
,SanDisk CZ430 128 GB Pen Drive,4.2,"₹1,475",57% off
,HP x770w 256GB USB 3.1 Pen Drive Dark Grey 256 GB Pen D...,3.4,"₹2,699",40% off
,HP Flash Drive Pendrive 128 GB Pen Drive,3.6,₹426,69% off
,SanDisk Cruzer Blade 16 GB Storage Utility Pendrive 16 ...,3.9,₹427,49% off
,HP 32 GB METTAL PENDRIVE 32 GB Pen Drive,3.7,₹712,16% off
,SanDisk Ultra Flair 64GB 64 GB Pen Drive,4,₹619,54% off
,SanDisk Cruser Blade 32 GB Pen Drive,4.6,₹510,36% off
,KINGSTON DataTraveler Exodia Onyx USB 3.2 Flash Drive 2...,4.1,"₹1,899",13% off
,SanDisk Cruze Blade usb flash drive 32 GB Pen Drive,3.7,₹520,25% off
,SanDisk SDDDC2-032G 32 GB OTG Drive,4.2,₹854,22% off
,Master USB 3.0 64GB Pendrive 64 GB Pen Drive,4.2,₹679,45% off
,SanDisk 32gb pendrive 32 GB Pen Drive,4.1,₹482,25% off
,SanDisk SDCZ73-128 128 Pen Drive,4,"₹1,149",50% off
,MOREBYTE MBFD1011PCOF2 8 GB Pen Drive,4.1,₹548,31% off
,SanDisk Cruzer Blade USB Flash Drive 64 GB Pen Drive,3.8,₹584,46% off
,SanDisk CZ430 64 GB Pen Drive,3.9,₹824,43% off
,SanDisk sandsik cruzer blade 32 GB Pen Drive,3.9,₹529,18% off
,SanDisk SMGSDPDOTG 32 GB Pen Drive,3.9,₹613,27% off
,SanDisk Cruzer Blade Pack of 2 16 GB Pen Drive,4.1,₹803,19% off
,SanDisk Dual Drive TYpe C 32 GB OTG Drive,4.3,₹811,26% off
,"SanDisk Ultra Shift USB Flash Drive USB 3.0, 100MB/s R ...",4.4,₹646,46% off
,SanDisk 5 YEAR WARANTY 32 GB Pen Drive,3.5,₹459,29% off
,HP X796W 32 Pen Drive,4.2,₹749,31% off
,SanDisk Cruzer Blade 32 GB Storage Utility Pendrive 32 ...,3.9,₹535,51% off
,SanDisk Ultra Flair 256 GB Pen Drive,4.2,"₹2,299",48% off
,SanDisk 16+32 GB 16 GB Pen Drive,4.1,₹890,11% off
,HP 796W 64 GB Pen Drive,4.2,₹799,50% off
,SanDisk SDDDC4-064 64 OTG Drive,4,"₹1,064",44% off
,SanDisk ULTRA DUAL DRIVE GO USB 64GB PENDRIVE 64 GB OTG...,4.2,₹912,43% off
,SYSTICK USB TYPE-C 3.0(32GB)/DUAL FLASHDRIVE/USB TO TYP...,4,₹551,72% off
,HP x306w USB 3.2 64 Pen Drive,4.1,₹945,47% off
,Strontium sr16grdpollex 16 GB Pen Drive,4.1,₹445,36% off
,Acer UP300 64 GB Pen Drive,4.2,₹799,33% off
,SanDisk 32 GB 2.0 32 GB Pen Drive,3.6,₹550,15% off
,SanDisk Dual USB 3.0 32 GB OTG Drive,4.2,₹627,26% off
,"ZITRONIX Pendrive 256GB, 4-in-1 Flash Drive for iPhone ...",4.4,"₹2,899",35% off
,HP 128GB With Tyep C Connecter 128 GB Pen Drive,3.8,₹402,57% off
,EMGA Delivering Innovation EMGA OTG 64G-UC 64 GB OTG Dr...,4.2,₹999,50% off
,SanDisk 2.0 16 GB Pen Drive,4.8,₹406,18% off
,SanDisk Dual Drive Go 128 GB OTG Drive,4.3,"₹1,424",43% off
,HP V150W 128 GB Pen Drive,4.2,₹876,53% off
,SanDisk curzer blade 16 GB Pen Drive,4.1,₹484,14% off
,SanDisk SDCZ73-032G-I35 128 GB Pen Drive,4.8,"₹1,216",23% off
,SanDisk Cruzer Blade 32GB Pendrive USB 2.0 Flash Drive ...,4.2,₹520,20% off
,HP v220-215w 128 GB Pen Drive,3.7,₹679,32% off
,SanDisk SDCZ50-032G-I36 32 GB Pen Drive,3.9,₹427,34% off
,SanDisk Cruzer Blade set of 2 32 GB Pen Drive,3.8,₹979,18% off
,Kingstick 32 GB Mini Metal Pen Drive 32 GB Pen Drive,4,₹483,51% off
,BRYT Metal Body Flash Drive USB LM 2.0 Type A Pendrive ...,4.3,₹385,1% off
,SanDisk SDDDC2-064 64 OTG Drive,4.2,₹999,39% off
,Acer UP200 64 GB Pen Drive,4.1,₹699,41% off
,SanDisk flash drive 16 GB Pen Drive,4.3,₹522,34% off
,SanDisk UltraFlair USB 3.0 256 GB Pen Drive,4.8,"₹2,299",23% off
,SanDisk Dual SDDD3-064G-I35 64 GB OTG Drive 64 GB Pen D...,4.1,₹865,38% off
,KML Key type Pendrive 32 GB USB Flash Drive for Compute...,4.6,₹590,9% off
,SanDisk 2.0 Cruzer combo 16 GB Pen Drive,4.1,₹835,17% off
,Acer UF300 64 GB Pen Drive,4.3,₹735,59% off
,HP A1+ XYZ 128 GB Pen Drive,3.7,₹422,75% off
,SanDisk Ultra CZ48 USB 3.0 128 GB Pen Drive,3.6,"₹1,139",40% off
,Acer UP300 64 GB Pen Drive,4.3,₹910,24% off
,SanDisk OTG 3.0 Dual Drive 32 GB Pen Drive (Black) 4.38...,4.2,₹731,18% off
,HP V222W 64 GB Pen Drive,4.2,₹579,47% off
,SanDisk DUAL OTG PEN DRIVE 64 OTG Drive,4.3,₹858,38% off
,SanDisk SDCZ880-256G-G46 256 Pen Drive,3.9,"₹4,469",38% off
,SanDisk SDDDC2-032 32 OTG Drive,4.4,₹799,27% off
,Lexar JumpDrive V100 64 GB Pen Drive,4.2,₹580,39% off
,SanDisk 64 64 GB Pen Drive,4.1,"₹1,140",48% off
,SanDisk Ultra Flair 32 GB Pen Drive,4,₹608,20% off
,HP 818W 64 GB Pen Drive,4,₹749,31% off
,HP X796W 32 Pen Drive 32 GB Pen Drive,4.2,₹699,39% off
,SanDisk SDCZ48-016G 16 Pen Drive,4.8,₹576,11% off
,SanDisk Ultra Flair 256GB USB 3.0 Flash Drive 256 GB Pe...,3.6,"₹2,214",51% off
,SanDisk Cruzer Blade Usb 2.0 Flash Drive 32 GB Pen Driv...,3.8,₹478,20% off
,SanDisk Ultra Flair 32 GB Pen Drive,4.2,₹603,55% off
,KBR PRODUCT Super cool stylus 32 GB Pen Drive,4.1,₹950,49% off
,"SanDisk Ultra Shift USB Flash Drive USB 3.0, 100MB/s R ...",3.7,₹599,14% off
,GREEN TECH GT.16 16 GB Pen Drive,4.4,₹359,64% off
,KINGSTON DTX/128 128 GB Pen Drive,4.1,"₹1,050",39% off
,BRYT Metal Body Flash Drive USB LM 2.0 Type A Pendrive ...,3.7,₹460,23% off
,GREEN TECH NEO SERIES 64GB 64 GB Pen Drive,3.5,₹525,47% off
,HP v220w 2.0 128 GB Pen Drive,3.5,₹424,57% off
,Simmtronics TEENY USB 2.0 64 GB Pen Drive,4.1,₹550,65% off
,Acer UF200 64 GB Pen Drive,4.2,₹735,47% off
,HP HPFD222W-64 64 GB Pen Drive,4.3,₹570,48% off
,EVM EnStore 4 in 1 OTG FlashDrive/Type C/Lightning/USB ...,4,"₹1,116",41% off
,HP V236W 16 GB Pen Drive,4.2,"₹1,444",32% off
,Strontium Ammo 3.1 16 GB Pen Drive,4.2,₹565,43% off
,SanDisk Cruser Blade 64 GB Pen Drive,3.1,₹625,43% off
,HP 712W USB3.2 (7Z374AA#ACJ) 32 GB Pen Drive,4.3,₹546,42% off
,SanDisk Ultra 3.0 16 GB Pen Drive,3.9,₹855,25% off
,HP V220 Metal High 1 OTG FREE 128 GB Pen Drive,3.5,₹880,51% off
,SanDisk UltraFlair USB 3.0 64 GB Pen Drive,4.3,₹739,45% off
,SanDisk Cruzer Blade Ultra 32 GB Pen Drive,3.8,"₹1,689",41% off
,EMGA Delivering Innovation EMGA OTG 128G-UC 128 GB OTG ...,4.1,"₹1,499",50% off
,Simmtronics 128GB 3.0 PENDRIVE 128 Pen Drive,4.3,₹925,73% off
,SanDisk Cruzer Blade 64 GB Storage Utility Pendrive 64 ...,3.3,₹599,45% off
,HP v222w USB 64 GB Pen Drive,3.7,₹690,46% off
,kioxia U301 64 Pen Drive,4.6,₹642,60% off
,HP v220w250 128 GB Pen Drive,3.5,₹710,52% off
,KBR PRODUCT Data stick with ball pen + stylus + USB 2.0...,4,₹940,45% off
,KINGSTON DataTraveler Exodia DTX USB 3.2 64 GB Pen Driv...,4.4,₹651,18% off
,SanDisk SDCZ73-128G 128 Pen Drive,4.6,"₹1,159",55% off
,SanDisk SDCZ73-032G-I35 32 GB Pen Drive,4,₹579,27% off
,Simmtronics USB Teeny Flash Drive with Metal Body 32 GB...,4,₹479,46% off
,SanDisk 3.0 128 GB Pen Drive,4.2,"₹1,138",50% off
,KBR PRODUCT INNOVATIVE DESIGN GOLDEN MOUSER GUN 32 GB P...,3.6,₹950,49% off
,EVM EnStore 4 in 1 OTG FlashDrive/Type C/Lightning/USB ...,4,"₹2,854",28% off
,SanDisk Cruzer Blade Usb 2.0 Flash Drive 64 GB Pen Driv...,3.6,₹589,26% off
,Master USB 2.0 64GB Pendrive 64 GB Pen Drive,4.1,₹525,57% off
,HP 796w 256 GB Pen Drive,4.1,"₹2,901",51% off
,"SanDisk SD750-064G-i35 64 GB Pen Drive (Black, Red) 64 ...",3.8,₹675,57% off
,SanDisk SDDDC4-128G 128 GB OTG Drive,3.8,"₹1,475",50% off
,HP Usb 3.1 x796w 32 GB Pen Drive,4.4,₹699,36% off
,AMS technology Plain Credit Card Type Shape Pendrive 64...,4,₹626,49% off
,Simmtronics USB Teeny Flash Drive with Metal Body 64 GB...,3.8,₹555,44% off
,Master USB 2.0 16GB (2Pc) 16 GB Pen Drive,4.3,₹680,54% off
,Lexar JumpDrive V40 16 GB Pen Drive,4.1,₹324,35% off
,Master USB 3.0 128GB 128 GB Pen Drive,4.2,"₹1,099",50% off
,SanDisk SDCZ50-016G-I35 16 GB Pen Drive,3.9,"₹1,350",15% off
,SYSTICK USB Flash Drive3.0 High-Speed Transfer File Bet...,4,₹449,62% off
,HP v207w 64 GB Pen Drive,4.4,₹599,45% off
,SanDisk SDCZ48-064G 64 Pen Drive,4.2,₹695,39% off
,SanDisk Ultra CZ48 USB 3.0 64 GB Pen Drive,4.1,₹678,43% off
,Acer UF200 16 GB Pen Drive,4.2,₹499,44% off
,SYSTICK USB Flash Drive3.0 High-Speed Transfer File Bet...,3.7,₹664,66% off
,KINGSTON DATATRAVELER EXODIA 64 GB Pen Drive,3.9,₹649,7% off
,SYSTICK USB Flash Drive3.0 High-Speed Transfer File Bet...,4,₹359,64% off
,SE.13 PD32 32 GB Pen Drive,3.9,₹334,66% off
,Acer UP200-128GB-BLACK 128 Pen Drive,4,₹995,52% off
,SanDisk Cruzer Blade USB 2.0 32 GB (Combo of 2) Flash 3...,4.1,₹996,5% off
,"Master Combo Pack of 2 (3.0, 32GB) 32 GB Pen Drive",3,₹955,46% off
,SE.13 PD8 8 GB Pen Drive,4.2,₹319,68% off
,SanDisk Dual 3.0 OTG + Cruzer Blade Flash Drive Usb 16 ...,4.1,"₹1,235",14% off
,SanDisk Cruzer Blade Pack of 2 32 GB Pen Drive,3.7,₹899,45% off
,Lexar JUMPDRIVE V100 64 GB Pen Drive,4.4,₹640,33% off
,SanDisk Dual 3.0 OTG + Cruzer Blade Flash Drive Usb 32 ...,4.2,"₹1,140",48% off
,SanDisk SDCZ73-032G-135 32 GB Pen Drive,3.9,₹599,25% off
,EMGA Delivering Innovation Dual Drive PRO Series Ultra ...,4.2,"₹1,799",55% off
,EVM ENSTORE 128GB 2.0 PENDRIVE 128 GB Pen Drive,3.7,₹999,50% off
,SanDisk SDCZ73-032G-I35 32 PenDrive 32 GB Pen Drive,4.7,₹594,25% off
,HP MM-USB256GB-796W 256 Pen Drive,4.4,"₹2,999",28% off
,GREEN TECH GT128PD 128 GB Pen Drive,3,₹799,60% off
,SanDisk SDDDC3 32GB 32 GB OTG Drive,3.2,₹716,31% off
,Zorbes USB Flash Drive for iPhone 4 in 1 Flash Drive wi...,3.6,"₹1,359",43% off
,SanDisk SDCZ73-064 64 GB Pen Drive,3.9,₹715,47% off
,SanDisk (PACK OF 5) 16 GB Pen Drive,4.2,"₹2,349",2% off
,HP V236W 16 GB Pen Drive,4.1,₹950,40% off
,"Simmtronics USB Flash Drive with Metal Body, 5 Years Wa...",4.1,₹767,52% off
,SE.13 PD64 64 GB Pen Drive,4,₹458,54% off
,GREEN TECH GT.8 8 GB Pen Drive,4.1,₹359,64% off
,SanDisk Dual Drive m3.0 32 GB OTG Drive,4.1,₹655,18% off
,SanDisk Ultra Flair USB 3.0 64 GB Pen Drive,3.3,₹749,44% off
,SanDisk Cruzer Blade 32GB Utility Pendrive 32 Pen Drive,3.9,₹492,29% off
,HP v236w usb 32 GB Pen Drive,4.5,₹549,21% off
,Branko 8 GB Metal Body Pen Drive 8 GB Pen Drive,3,₹349,88% off
,SanDisk Dual Drive OTG 3.0 64 GB + OTG 3.0 16 GB Pen Dr...,3.6,"₹1,569",49% off
,SanDisk Cruzer Blade Pack Of 8gb And 16 GB Pen Drive,4.1,₹949,5% off
,"Verilux 64 GB USB Pen Drive,Type C Pendrivefor iOS & An...",4.1,"₹1,325",17% off
,EVM ENSTORE 16GB 2.0 PENDRIVE 16 GB Pen Drive,3.5,₹450,28% off
,SanDisk Curzer Blade USb Flash Drive 32 GB Pen Drive,3.5,₹530,18% off
,SYSTICK Flash Drive 64 GB 4 in 1 Pendrive with Light-ni...,4.2,₹828,74% off
,HP V220 Srk 128 GB Pen Drive,3.7,₹419,58% off
,SanDisk Cruzerblade CZ50 64 GB Pen Drive,4.6,₹569,48% off
,SanDisk SDCZ48-128G 128 GB Pen Drive,4.1,"₹1,095",50% off
,SanDisk Ultra Flair 32 GB Pen Drive,4.1,₹607,24% off
,HP v222w Metal USB 2.0 (Pack of 2) 64 GB Pen Drive,4.4,₹959,36% off
,DM PD086 32GB High-Speed Waterproof Metal Pendrive for ...,5,₹489,67% off
,SanDisk Ultra Dual SDDD3 064G I3 64 GB Pen Drive,3.9,₹850,39% off
,Master USB 2.0 32GB Pendrive 32 GB Pen Drive,3.2,₹475,44% off
,HP V220G 128 GB Pen Drive,3.3,₹419,70% off
,Lexar JumpDrive V100 128 GB Pen Drive,4.1,"₹1,695",5% off
,Simmtronics ZIPX 3.0 USB DRIVE 16 GB 16 GB Pen Drive,4.4,₹499,41% off
,SanDisk UltraFlair USB 3.0 32 GB Pen Drive,4.3,₹648,19% off
,microware Cartoon Rush Shape 16 GB Pen Drive,3.8,₹499,50% off
,HP V150W 32 GB Pen Drive USB 2.0 Flash Drive (Blue) 32 ...,4.2,₹549,39% off
,SanDisk Cruzer Blade 16 GB Pen Drive,4,₹427,14% off
,BRYT Tiny Metal Flash Drive USB M 2.0 Type A Pendrive w...,4.1,₹450,13% off
,HP MM-USB016GB-33P 16 OTG Drive,3.2,₹763,43% off
,EMGA Delivering Innovation Dual Drive PRO Series Ultra ...,4.1,"₹1,099",63% off
,HP USB Flash Drive 32 GB Pen Drive,4.2,₹495,38% off
,HP v222w Metal USB 2.0 (Pack of 2) 32 GB Pen Drive,4.2,₹899,18% off
,SanDisk Ultra Flair USB 3.0 Flash Drive 512GB (SDCZ73-5...,5,"₹4,499",43% off
,"Tobo American , Currency Credit Card Shape Fancy Pen Dr...",4,"₹1,399",53% off
,SanDisk Ultra USB 3.0 Flash Drive 64GB + 16 GB Pen Driv...,4.8,"₹1,400",53% off
,SanDisk SDDD3 32GB I35GW 32 GB OTG Drive,3.2,₹640,24% off
,Simmtronics 64GB 3.0 PENDRIVE 64 Pen Drive,3.8,₹619,67% off
,HP 2.0 V222W 32 GB Pen Drive,4.3,₹569,28% off
,SanDisk Ultra USB 3.0 Flash Drive 64GB + 32 GB Pen Driv...,4,"₹1,709",49% off
,PANKREETI Kitty Cat 32 GB Pen Drive,4.3,₹699,36% off
,HP USB 2.0|16 GB 16 GB Pen Drive,4,₹478,31% off
,HP v150w 32 GB Pen Drive,4.3,₹522,34% off
,MOREBYTE 64gb 2.0 USB Pen Drive/Flash Drive with Metal ...,4,₹499,33% off
,SanDisk Cruzer Blade 64 GB Pen Drive,3.5,₹599,40% off
,KINGSTON 64 GB USB 3.2 64 GB Pen Drive 64 GB Pen Drive,4.1,₹675,31% off
,SanDisk Ultra Luxe USB 3.1 Flash Drive 128 GB Pen Drive,4,"₹1,495",40% off
,SanDisk Ultra USB 3.0 SDCZ48-128G-U46 128 GB Pen Drive,3.9,"₹1,099",50% off
,SanDisk 64 64 GB OTG Drive,3.6,₹929,41% off
,SanDisk Usb 2.0 Flash Drive 32Gb( Product Code: Sdcz50-...,4.1,₹529,18% off
,HP Usb 3.1 x796w 128 GB Pen Drive,3.8,"₹1,299",40% off
,Tobo Novelty Monkey Shape 16GB USB 2.0 Flash Drive Cute...,4.4,₹899,43% off
,SE.13 32GB OTG PENDRIVE TYPE-C 32 OTG Drive,3.9,₹499,50% off
,Master USB 2.0 128GB Pendrive 128 GB Pen Drive,3.4,₹849,61% off
,HP USB 3.2 x768 64 GB Pen Drive,4.1,₹895,50% off
,HP v207w 64GB USB 2.0 Pen Drive 64 GB Pen Drive,3.5,₹599,50% off
,HP FD222W-16 16 GB Pen Drive,4.1,₹501,16% off
,SanDisk Ultra Usb 3.0 Flash Drive (Pack OF 2) 16 GB Pen...,4.5,"₹1,011",25% off
,T ZED C TYPE OTG 128 GB Pen Drive,3.7,₹555,62% off
,SanDisk Cruzer Blade USB2.0 Flash Drive 16 GB Pen Drive,4.1,₹529,3% off
,SanDisk CRUZER BLADE 32 GB 32 GB Pen Drive,3.5,₹510,27% off
,SanDisk Ultra 3.0 16 GB Pen Drive,4.6,"₹1,465",26% off
,HP MM-USB032GB-33P 32 OTG Drive,4.1,₹576,60% off
,SanDisk Cruzer Blade 64 GB Pen Drive,3.4,₹595,45% off
,Kingstick 64GB Super Mini Nano USB 2.0 Metal Pendrive 6...,4,₹589,54% off
,SanDisk SDCZ50-032G-I36 32 GB Pen Drive,4.4,₹459,40% off
,SanDisk SDDDC3 64 GB 64 GB OTG Drive,4.1,₹964,43% off
,Acer UP300-32GB-GREEN 32 GB Pen Drive,4,₹575,47% off
,HP 712W 32GB USB3.2 (7Z376AA#ACJ) 32 GB Pen Drive,4.3,₹898,10% off
,HP MT Flash Drive 128 GB Pen Drive,3.3,₹679,54% off
,Simmtronics 32 GB Flash Drive 32 GB Pen Drive,3.9,₹489,51% off
,Acer UP200-8GB-BLACK 8 Pen Drive,4,₹455,24% off
,KBR PRODUCT Multi functional laser pen 16 GB Pen Drive,5,₹970,42% off
,SanDisk Ultra Flair 32GB High Speed 32 GB Pen Drive,3.8,₹569,48% off
,KINGSTON EXODIA DTX/64GBIN 64 GB Pen Drive,3.5,₹678,24% off
,Acer UP200 USB2.0 128 GB Pen Drive,3.7,₹995,52% off
,SanDisk CRUZER BLADE USB 2.0 FLASH DRIVE 32 Pen Drive,3.8,₹545,16% off
,SanDisk SDCZ430-128G 128 GB Pen Drive,3.4,"₹1,474",43% off
,SanDisk Ultra Dual Drive 3.0 OTG (Pack of 3) 32 GB Pen ...,4.2,"₹1,709",56% off
,SanDisk Cruzer Blade 64 GB Pen Drive,3.2,₹599,42% off
,SanDisk Cruzer Blade SDCZ50-016G-135 16GB USB 2.0 Pen D...,3.8,₹427,14% off
,SanDisk Cruzer Blade Usb Flash Drive (Pack Of 2) 32 GB ...,3.4,₹899,47% off
,Master USB 2.0 32GB (3Pc) 32 GB Pen Drive,3.6,"₹1,199",52% off
,SanDisk 16GB Pen Drive 16 GB Pen Drive,4.2,₹475,4% off
,KINGSTON DTX Exodia Data Traveler 64 GB Pen Drive,3.5,₹690,23% off
,SE.13 16GB OTG PENDRIVE TYPE-C 16 GB OTG Drive,3.9,₹466,53% off
,SanDisk cruzer blade 16 GB Pen Drive,3.1,₹854,22% off
,SanDisk ULTRA DUAL DRIVE GO USB TYPE-C PENDRIVE 32 GB O...,3.1,₹920,12% off
,T ZED 64GB Pendrive 2in1 OTG 64 GB Pen Drive,3.4,₹478,65% off
,Simmtronics TEENY USB 2.0 32 GB Pen Drive,4.2,₹479,52% off
,KBR PRODUCT Smart pen with hidden USB 2.0 4gb silver pe...,4,"₹1,000",8% off
,Tobo USB 2.0 Antique Metal Sword Model Flash Memory 32 ...,3.7,"₹1,198",52% off
,HP V237W 16 GB Pen Drive,4.2,₹519,27% off
,"Tobo Diamond Glitter Bottle Shape Flash Drive,Cute Neck...",3.7,"₹1,399",53% off
,"Tobo Diamond Glitter Bottle Shape Flash Drive,Cute Neck...",3.7,"₹1,399",53% off
,SanDisk CRUZER BLADE 32 GB PENDRIVE 32 GB Pen Drive,3.8,₹560,13% off
,SanDisk 32 GB Pendrive 32 Pen Drive,3.9,₹475,26% off
,"DM PD235 128GB USB 3.2 Gen1 Metal Pendrive, 450Mb/s, Su...",3.1,₹989,60% off
,KBR PRODUCT SUPER SPECIAL MULTI FUNCTION BALL POINT PEN...,3.8,₹940,41% off
,PANKREETI PDO44 Cute Dog Fancy Cartoon Designer 128 GB ...,4,₹899,55% off
,SanDisk SDCZ50-064G-135 64 GB Pen Drive,3.8,₹649,38% off
,Tobo Pink Unicorn Shape Design USB 2.0 Flash Drive Cute...,4,₹849,43% off
,"Tobo Diamond Glitter Bottle Shape Flash Drive,Cute Neck...",3.1,₹999,50% off
,HOCO Ultra Dual Drive Go 128 GB USB 3.0 Type C Pendrive...,3.9,"₹1,449",51% off
,Tobo Cartoon Rabbit Animal Model USB Flash Drive Memory...,4.4,₹799,60% off
,KBR PRODUCT ATTRACTIVE DESIGN KEY HOLDER 32 GB Pen Driv...,4.1,₹950,44% off
,Master USB 2.0 32GB (2Pc) 32 GB Pen Drive,3.2,₹799,53% off
,KBR PRODUCT Silver army tag 16 GB Pen Drive,5,₹940,37% off
,SE.13 PD16 16 GB Pen Drive,3.4,₹359,64% off
,Tobo Silicon Wrist band USB 2.0 Bracelet USB Flash Driv...,4.4,"₹1,199",40% off
,"Tobo Diamond Glitter Bottle Shape Flash Drive,Cute Neck...",3.3,"₹1,999",33% off
,"Tobo Diamond Glitter Bottle Shape Flash Drive,Cute Neck...",3.3,"₹1,999",33% off
,"Tobo Diamond Glitter Bottle Shape Flash Drive,Cute Neck...",3.3,"₹1,999",33% off
,KBR PRODUCT ATTRACTIVE DESIGN METAL LASER LIGHT PEN 32 ...,4.7,₹950,49% off
,Tobo Mini DSLR Camera USB Flash Drive USB 2.0 8 GB Pen ...,3.6,₹764,45% off
,KINGSTON 64 GB USB 3.2 64 GB Pen Drive,3.8,₹700,48% off
,"Tobo Diamond Glitter Bottle Shape Flash Drive,Cute Neck...",3.3,"₹1,376",54% off
,Tobo Silicon Wrist band USB 2.0 Bracelet USB Flash Driv...,4.8,₹999,23% off
,SYSTICK USB FLASHDRIVE 2.0 PENDRIVE (64GB) {3X} MODEL 1...,3.9,₹764,74% off
,KBR PRODUCT FANCY BETTERY KEY CHAIN 16 Pen Drive,4.8,₹970,42% off
,Tobo Super hero Captain American Pendrive Flash Drive M...,4.2,₹999,66% off
,PANKREETI PKT445 Star Wars Yoda 128 GB Pen Drive,4.4,₹999,50% off
,Tobo Cartoon Cute Unicorn 16GB USB Flash Drive Animal H...,4.4,₹799,60% off
,"Tobo Diamond Glitter Bottle Shape Flash Drive,Cute Neck...",3.4,₹799,46% off
,SanDisk SDDD3-032G-GW 32 GB OTG Drive,3.6,₹617,27% off
,Tobo Purple Monkey Shape USB 2.0 Flash Drive Cute Anima...,4.3,"₹1,099",50% off
,SanDisk Ultra Dual M 3.0 32 GB OTG USB External Data St...,4.1,"₹1,368",27% off
,PANKREETI PKT600 Violin 32 GB Pen Drive,4,₹745,25% off
,Tobo USB 2.0 Flash Drive Jewelry Crystal Gift for Girls...,3.3,₹899,55% off
,Acer UP300-16GB-BLACK 16 Pen Drive,4.8,₹565,37% off
,SanDisk SDCZ880-128G-G46 128 GB Pen Drive,4.2,"₹3,589",44% off
,MOREBYTE MBFD1008PCOF2 4 GB Pen Drive,3.8,₹499,24% off
,SanDisk PEN-64GB 64 GB Pen Drive,3.3,₹646,41% off
,SanDisk Cruze blaid 64 GB Pen Drive,3.3,₹678,38% off
,Tobo Groot fancy pen drive 16 GB Pen Drive,4.5,"₹1,199",60% off
,SanDisk SDDD3-0632G-I35 32 GB OTG Drive,3.5,₹699,56% off
,KBR PRODUCT INNOVATIVE DESIGNER FASHIONABLE STYLISH MET...,4,"₹1,300",55% off
,HP V237W 32 GB Pen Drive,4.1,₹650,50% off
,Strontium Pollex 16 GB Pen Drive,3.9,₹775,44% off
,hmd 256 GB Type-C Pen Drive For iOS & Android Compatibl...,3.6,"₹1,799",55% off
,KBR PRODUCT INNOVATIVE TRANSPARENT GLASS DESIGN USB 2.0...,4.1,₹940,30% off
,Tobo Grenade Shaped Metal USB Flash Drive 2.0 Memory St...,3.7,₹809,37% off
,KBR PRODUCT combo 1+1 army tag necklace design removabl...,3.8,"₹1,800",65% off
,SanDisk Cruzer Blade Pendrive 16 GB 16 GB Pen Drive,3.9,₹427,14% off
,Acer UF200-16GB 16 Pen Drive,4,₹495,29% off
,SanDisk Cruzer Blade 16GB USB 2.0 Pendrive 16 GB Pen Dr...,4.2,₹427,25% off
,Acer UF200-64GB 64 GB Pen Drive,3.9,₹699,50% off
,SanDisk Ultra Type C 256 GB Pen Drive,4.1,"₹1,921",41% off
,"Tobo Novelty Diamond Glitter Bottle Shape Flash Drive,C...",3.7,"₹1,499",50% off
,SanDisk 16gb USB Flash Drive 16 GB Pen Drive,4.1,₹427,14% off
,SanDisk CRUZER BLADE USB DRIVE 16 GB Pen Drive,4.1,₹426,14% off
,Simmtronics USB 3.0 128 GB Pen Drive,4.6,₹899,65% off
,Strontium Pollex 32 GB Pen Drive,4.1,₹625,31% off
,KBR PRODUCT Designer ball with u disk & laser pointer 1...,3.5,₹960,33% off
,Tobo Grenade Shaped Metal USB Flash Drive 2.0 Memory St...,3.3,₹999,41% off
,"Tobo Novelty Diamond Glitter Bottle Shape Flash Drive,C...",3.1,₹999,50% off
,KBR PRODUCT 3in1 multi feature device with laser light ...,3.5,₹970,35% off
,PANKREETI Spider Man 32 GB Pen Drive,4.3,₹744,32% off
,iball Cordial 16GB 16 GB OTG Drive,5,₹549,29% off
,Tobo Panda USB Flash Drive Pen Drive U Disk Flash Card ...,4.8,₹899,40% off
,PANKREETI Cute Minion 64 GB Pen Drive,3.8,₹999,52% off
,SE.13 V8 OTG PD 32GB 64 OTG Drive,3.7,₹499,50% off
,Tobo Panda USB Flash Drive Pen Drive U Disk Flash Card ...,5,"₹1,299",35% off
,PANKREETI Cute Minion 32 GB Pen Drive,4.3,₹745,37% off
,PANKREETI Minnie Mouse 32 GB Pen Drive,4.3,₹744,50% off
,KBR PRODUCT Silver laser pointer 32 GB Pen Drive,4.8,₹940,53% off
,Tobo Crystal USB Flash Drive 16GB Speed-up Transfer Cry...,3,₹799,60% off
,PANKREETI Rabbit Bugs Bunny 32 GB Pen Drive,4.8,₹745,50% off
,SanDisk Ultra Dual OTG Flash Drive 32 GB Pen Drive,3.8,₹699,17% off
,Tobo Jewelry Crystal Gift for Girls Waterproof Pen Driv...,4.2,₹779,61% off
,SanDisk DUAL OTG PEN DRIVE 32 GB OTG Drive,4.1,₹626,26% off
,SanDisk Ultra Dual Drive m3.0 (PACK OF 2) 32 GB Pen Dri...,4.6,"₹1,140",32% off
,SanDisk ultra dual drive SDDD3-32GB-i35 32 GB OTG Drive,3.9,"₹1,140",48% off
,EDENIC SUPREME 16 GB Pen Drive,3.3,₹399,20% off
,Strontium POLLEX FLASH DRIVE 64 GB Pen Drive,3.4,₹595,70% off
,EDENIC 32GB 32 GB Pen Drive,3.8,₹394,50% off
,SanDisk cruzer blade 64gbgb 64 GB Pen Drive,3.1,₹588,46% off
,kioxia USB 3.2 Gen 1 TransMemory U366 64 GB Pen Drive,4.7,₹899,48% off
,SanDisk USB Cruzer Blade Flash Drive 32GB + 16 GB Pen D...,3.8,₹855,45% off
,SMKT Plain Credit Card Type 32 GB Pen Drive,4.3,₹799,20% off
,Dinosaur Drivers Mickey Mouse 8 GB Pen Drive,4.6,₹499,20% off
,SMKT Pendrive 32 GB Pen Drive,4.4,₹645,41% off
,SanDisk SDDDC4-064G 64 OTG Drive,3.7,"₹1,069",43% off
